{
    "accuracy": 0.9509875640087784,
    "precision": 0.89171974522293,
    "recall": 0.7368421052631579,
    "auc": 0.9480033984706882
}
